group,check,scope_result,evidence_role,source_evidence
Fixture label examples,Constrained labels,6 rows,Representative labels,experiments/v1_evidence_chain/gate4_d7_diagnostic/d7_synthetic_label_summary.csv
Fixture label examples,Invalid boundary,3 rows,Unconstrained-only separation,experiments/v1_evidence_chain/gate4_d7_diagnostic/d7_synthetic_label_summary.csv
Public-beam accounting case,Beam join,"2,000,000 rows",Scalable trace join,experiments/v1_evidence_chain/gate46_d7_per_beam_trace_join/g46_d7_per_beam_trace_join_result.json
Public-beam accounting case,Target join,"240,000 rows",Survival-surface join,experiments/v1_evidence_chain/gate46_d7_per_beam_trace_join/g46_d7_per_beam_trace_join_result.json
Public-beam accounting case,Budget check,1.000,Beam-budget consistency,experiments/v1_evidence_chain/gate46_d7_per_beam_trace_join/g46_d7_per_beam_trace_join_result.json
Trained candidate-pool smoke,Trace export (40 IDs),800 rows,Real trace observability,experiments/v1_evidence_chain/gate19_d7_real_trained_trace/g19_trace_label_smoke_result.json
Trained candidate-pool smoke,Resolution check,1.000,SID path resolves to exported item,experiments/v1_evidence_chain/gate19_d7_real_trained_trace/g19_trace_label_smoke_result.json
Validity boundary,Public beams,0 invalid,"Accounting case, not failure sample",experiments/v1_evidence_chain/gate46_d7_per_beam_trace_join/g46_d7_per_beam_trace_join_result.json
Validity boundary,Trained smoke,0 invalid,Candidate-pool scoring case,experiments/v1_evidence_chain/gate19_d7_real_trained_trace/g19_trace_label_smoke_result.json
