paper_artifact_id,paper_artifact_type,paper_placement,intended_caption_or_use,claim_ids,source_rows,package_relative_source_paths,source_sha256_or_regeneration_note,evidence_level,row_count_or_scope,limitations
T1,table,main,Delta from SIDInspector V0 to SIDScope,C1;C11,all seven delta axes,docs/reproducibility/paper_table_sources/table1_resource_delta_source.csv; experiments/v1_evidence_chain/V0_V1_DELTA_AND_VENUE_GATE.md,Regenerate with python3 tools/build_sidscope_paper_tables.py --output-dir docs/reproducibility/paper_tables.,documentation,7 rows,Discloses inherited and new material; final release tag remains a submission gate.
T2,table,main,Artifact and source inventory,C1;C2;C13,all nine named routes and two controls,docs/reproducibility/paper_table_sources/table2_artifact_coverage_source.csv; docs/reproducibility/sidscope_source_license_config_inventory.csv; docs/reproducibility/paper_tables/table2_artifact_coverage.csv,Regenerate with python3 tools/build_sidscope_paper_tables.py --output-dir docs/reproducibility/paper_tables.,tracked_snapshot,11 rows; 9 named routes and 2 stress/control rows,Counts route artifacts rather than method wins; exact configurations and reuse terms remain in the machine-readable inventory.
T3,table,main,C0--C5 adapter admission protocol,C13,six ordered contract levels and eight pass reports,docs/ADAPTER_CONFORMANCE.md; docs/reproducibility/conformance/; examples/conformance_failure_fixture/conformance_report.json,Regenerate with python3 tools/build_sidscope_paper_tables.py --output-dir docs/reproducibility/paper_tables.,fully_runnable,6 rows; 8 routes pass; invalid fixture fails C1,ReSID/Musical remains an auditable snapshot rather than a fully replayable route.
T4,table,main,D1--D5 interface profiles,C2;C3;C4b,all eight executable source routes,docs/reproducibility/paper_tables/table5_diagnostic_profile.csv; docs/reproducibility/conformance/,Regenerate with python3 tools/build_sidscope_paper_tables.py --output-dir docs/reproducibility/paper_tables.,tracked_snapshot,8 rows,Cross-route values are descriptive profiles and not controlled method comparisons.
T5,table,main,D3 calibration-reach evidence ladder,C4;C4c;C5,fourteen comparable Spearman rows across four evidence layers,docs/reproducibility/paper_table_sources/table4_evidence_ladder_source.csv; docs/reproducibility/paper_tables/table6_evidence_ladder.csv; docs/reproducibility/d3_catalog_dependence_summary.json; experiments/v1_evidence_chain/gate35_cluster_reanalysis/; experiments/v1_evidence_chain/gate16_trained_generator_anchor_audit/,Regenerate with python3 tools/build_sidscope_paper_tables.py --output-dir docs/reproducibility/paper_tables.,tracked_snapshot,14 Spearman rows,Within-prefix layers are mechanism-conditional; the five-catalog exact test is sensitivity evidence and trained-generator rows fail model-validity checks.
T6,table,main,Trained constrained-beam path-to-item accounting,C8c,three trained-trace routes,docs/reproducibility/g20_trained_trace_summary.json; docs/reproducibility/paper_table_sources/table10_g20_trained_trace_source.csv; docs/reproducibility/paper_tables/table10_g20_trained_trace.csv,Regenerate with python3 tools/build_sidscope_paper_tables.py --output-dir docs/reproducibility/paper_tables.,tracked_snapshot,3 rows; 1500 targets; 75000 beam rows,Establishes observability and accounting rather than universal prevalence or generator failure mechanism.
T7,table,main,DACT mapping repair and generator handoff,C14,five mapping/model states on one fixed test universe,docs/reproducibility/g22_diagnose_repair_handoff_summary.json; docs/reproducibility/g22_handoff_uncertainty.json; docs/reproducibility/paper_tables/table8_resot_walkthrough.csv,Regenerate with python3 tools/build_sidscope_paper_tables.py --output-dir docs/reproducibility/paper_tables.,tracked_snapshot,5 rows; 5364 paired users; 4999 bootstrap resamples; 3 adapted seeds,One released lifecycle case; no universal repair-effectiveness or causal mapping-to-quality claim.
T8,table,main,Public package contents and verification entry points,C10;C13;C14,six package surfaces,docs/reproducibility/paper_table_sources/table6_resource_contract_source.csv; docs/reproducibility/paper_tables/table9_resource_contract.csv; docs/reproducibility/sidscope_release_candidate_manifest.csv,Regenerate with python3 tools/build_sidscope_paper_tables.py --output-dir docs/reproducibility/paper_tables.,fully_runnable_quickstart_plus_tracked_snapshot_validation,6 rows; 8 manuscript tables; 4 figures,Public repository visibility tag archive hash and no-login URL smoke remain release-time gates.
AT1,table,appendix,Full artifact and extension snapshots,C1;C2;C3,all released snapshot rows,docs/reproducibility/table1_evidence_catalog.csv; docs/reproducibility/official_adapter_metrics_snapshot.csv; docs/reproducibility/extension_checks_snapshot.csv,Regenerate by rerunning the package snapshot builders.,tracked_snapshot,full compact snapshot surface,Package detail only; controls must not be counted as named routes.
AT2,table,appendix,D7 per-case accounting details,C6;C7;C8;C8b,fixture public-beam and released-checkpoint summaries,experiments/v1_evidence_chain/gate4_d7_diagnostic/; experiments/v1_evidence_chain/gate46_d7_per_beam_trace_join/; docs/reproducibility/g21_released_tiger_trace_summary.json,Regenerate by rerunning the D7 accounting builders.,tracked_snapshot,fixture plus 2000000 public beam rows and one released checkpoint,Package detail supports trace semantics and scale but is not a second manuscript table.
AT3,table,appendix,Reviewer package verification records,C10,package archive smoke and URL-smoke records,experiments/v1_evidence_chain/runs/R795_sidscope_resource_package_tois_extension.json; experiments/v1_evidence_chain/runs/R797_sidscope_release_archive_smoke_tois_extension.json,Regenerate by rerunning package archive and smoke verifiers.,provenance_only,local package and archive checks,Public URL smoke must be rerun after repository publication.
AT4,table,appendix,G14 usage-demo decisions,C12,all deterministic triage rows,docs/SIDSCOPE_USAGE_DEMO.md; docs/reproducibility/g14_usage_demo_decisions.csv; docs/reproducibility/g14_usage_demo_summary.json,Regenerate with python3 tools/run_sidscope_usage_demo.py.,tracked_snapshot,11 decision rows,Illustrative resource-use thresholds do not predict final downstream quality.
F1,figure,main,SIDScope evidence-chain workflow,C1;C10,resource contract and package manifest,experiments/v1_evidence_chain/G7_LITE_CLAIM_PACKAGE_BOUNDARY.md; docs/SIDSCOPE_RESOURCE_PACKAGE.md; docs/reproducibility/sidscope_release_candidate_manifest.csv,Regenerate with python3 papers/tois-sidscope/figures/gen_sidscope_figures.py.,documentation,4 stages,Architecture figure contains no empirical estimate.
F2,figure,main,Interface-health trade-off surface,C4b;C5,artifact depth and bounded-protocol sensitivity rows,experiments/v1_evidence_chain/scientific_deep_dive/artifact_level_summary.csv; experiments/v1_evidence_chain/scientific_deep_dive/depth_sensitivity_spearman.csv; docs/reproducibility/d3_protocol_sensitivity.json,Regenerate with uv run --with matplotlib --with pandas python papers/tois-sidscope/figures/gen_sidscope_figures.py.,tracked_snapshot,8 artifact rows 3 depth rows and 9 bounded protocol configurations,Controls and named routes retain distinct evidence roles; protocol sensitivity concerns route order around C3 only.
F3,figure,main,Path-to-item mechanism and target recovery,C8c,three trained-trace summary rows,docs/reproducibility/g20_trained_trace_summary.json; papers/tois-sidscope/figures/source_data/fig3_trained_trace_accounting.csv,Regenerate with python3 papers/tois-sidscope/figures/gen_sidscope_figures.py.,tracked_snapshot,1500 targets and 75000 beam rows,Path survival and unique-item hit are accounting outcomes rather than causal effects.
F4,figure,main,Worked item-to-SID mapping,C2,six illustrative item-to-code rows,papers/tois-sidscope/figures/source_data/fig4_sid_mapping_example.csv; papers/tois-sidscope/figures/fig4_sid_mapping_example_recipe.json; papers/tois-sidscope/figures/fig4_sid_mapping_example.drawio,Regenerate vector and raster exports with drawio then rerun the figure manifest builder.,documentation,6 illustrative items and 5 occupied leaves,Teaching example only; it contains no measured result.
D7R,resource,main,Deidentified D7 beam-label release,C8e,all five released label cases,docs/reproducibility/d7_labeled_trace_rows.csv.gz; docs/reproducibility/d7_labeled_trace_release.json,Regenerate with python3 tools/build_sidscope_d7_labeled_trace_release.py.,tracked_snapshot,125000 beam rows and 2500 traces,Release omits identities raw paths scores resolved IDs and checkpoint identifiers.
FW1,table,future_work,Blocked claims and future evidence requirements,C9;C11,blocked-claim records,experiments/v1_evidence_chain/CLAIM_LEDGER.md; experiments/v1_evidence_chain/V0_V1_DELTA_AND_VENUE_GATE.md,Regenerate by rerunning python3 tools/verify_sidscope_claim_ledger.py.,documentation,blocked-claim list,Do not cite as accomplished evidence.
